variant,wing_size
control,0
WT,1
PTEN- 4Ala,3.463187341
C124S,-0.465175848
D22E,-0.902782225
P38H,-0.208456211
L70V,0.014905377
T78A,0.831170691
D92N,-0.208422507
H93Q,0.110825567
I101T,-0.09428557
I101F,0.474789774
D107V,-0.223117238
N117S,1.04061273
H118P,-0.070743668
H123Y,-0.306727221
C124S-4A,-0.139094387
G129E,-0.280413205
T131I,-0.142776495
I135fs,0.109974554
I135T,0.222788628
Y138L,0.358125074
L139X,-0.339495458
E157G,0.62471984
T167N,-0.171129573
Y176C,1.246970897
F241S,-0.320966954
D252G,-0.030333159
V255A,0.586735984
W274L,0.488490251
N276S,-0.31502671
D326N,-0.161203889
R335X,-0.127854266
G36E,-0.073799102
R47W,-0.045238729
R47K,0.307054243
Y68H,-0.237882196
H123Q,0.010358476
Y180H,-0.236237737
I203V,0.821930949
N228S,0.993946136
N262S,0.96860213
F279L,0.931093968
L295V,1.132427269
Q298E,0.971399321
K322E,1.313269328
A34P,0.006288767
A34D,-0.228826503
H93R,-0.346764189
H93Y,-0.203922412
A121P,0.756774587
A126P,0.399290094
A126D,0.028138109
G127R,-0.469778782
R130L,0.655042845
R130Q,-0.327245348
A309S,0.743953247
P357S,0.834663512
T363N,0.998300527
N12T,0.130850665
R14G,0.197433091
Y27C,0.057685667
Y65C,0.773151039
D107G,0.512478236
M134I,0.237758693
Q171E,0.26933447
R173H,0.888265242
C211W,0.95342977
E285X,0.48655201
M1I,-0.057725487
K6E,0.271744016
R15S,0.261138416
Y68N,-0.280029867
E73K,0.929059197
A121E,0.024553086
G129R,-0.040080901
A151P,-0.242522436
R173P,0.165586534
E256K,2.006567787
D268E,0.875110551
F279I,1.042045438
K330E,1.416010613
Y346F,1.11418961
K6I,0.356505477
M35V,0.188976346
T68X,0.34352124
C124R,0.169810313
M134T,0.180250313
T202I,0.74352535
T240X,0.269861691
L320X,0.206839434
K342N,0.679117943
V343L,0.574853573
L345V,0.119422923
P354Q,0.759744343
I400V,0.754183193
K402N,0.126911774
G44D,0.390292618
P246L,0.508052238